glottocode,Parameter_ID,Value,Form,Comment_contributor,Loan,Gloss,Comment_glosser,Alternate_gloss
baga1270,one,piin,piin,,FALSE,1,,
baga1270,two,marəm,maram,,FALSE,{CL}2,,
baga1270,three,masaas,masaas,,FALSE,{CL}3,,
baga1270,four,maaŋkəlɛɛŋ,maangkaleeng,,FALSE,{CL}4,,
baga1270,five,kəcaamət,kacaamat,,FALSE,{CL’}5,,
baga1270,six,kəcaamtr tiin,kacaamtrtiin,( 5 + 1 ),FALSE,{CL’}5+{CL}1’,,
baga1270,seven,kəcaamtr marəm,kacaamtrmaram,( 5 + 2 ),FALSE,{CL’}5+{CL}2,,
baga1270,eight,kəcaamtr masaas,kacaamtrmasaas,( 5 + 3 ),FALSE,{CL’}5+{CL}3,,
baga1270,nine,kəcaamtr maaŋkəlɛɛŋ,kacaamtrmaangkaleeng,( 5 + 4 ),FALSE,{CL’}5+{CL}4,,
baga1270,ten,ocoo,ocoo,,FALSE,10,,
baga1270,eleven,ocoo dipiinaŋ,ocoodipiinang,,FALSE,10+{and}1”,,
baga1270,twelve,ocoo dimarəmaŋ,ocoodimaramang,,FALSE,10+{and}2’,,
baga1270,thirteen,ocoo dimasaasaŋ,ocoodimasaasang,,FALSE,10+{and}3,,
baga1270,fourteen,ocoo maaŋkəlɛɛŋaŋ,ocoomaangkaleengang,,FALSE,10+{and}4,,
baga1270,fifteen,ocoo dikəcaamətaŋ,ocoodikacaamatang,,FALSE,10+{and}5,,
baga1270,sixteen,ocoo dikəcaamtr tiinaŋ,ocoodikacaamtrtiinang,,FALSE,10+{and}5+1,,
baga1270,seventeen,ocoo dikəcaamtr marəmaŋ,ocoodikacaamtrmaramang,,FALSE,10+{and}5+2,,
baga1270,eighteen,ocoo dikəcaamtr masaasaŋ,ocoodikacaamtrmasaasang,,FALSE,10+{and}5+3,,
baga1270,nineteen,ocoo dikəcaamtr maaŋkəlɛɛŋaŋ,ocoodikacaamtrmaangkaleengang,,FALSE,10+{and}5+4,,
baga1270,twenty,ocoo kəmarəm,ocookamaram,,FALSE,10·{CL’}2,,
baga1270,twentyone,ocoo kəmarəm dipiinaŋ,ocookamaramdipiinang,,FALSE,(10·{CL’}2)+1,,
baga1270,twentytwo,ocoo kəmarəm dimarəmaŋ,ocookamaramdimaramang,,FALSE,(10·{CL’}2)+2,,
baga1270,twentythree,ocoo kəmarəm dimasaasaŋ,ocookamaramdimasaasang,,FALSE,(10·{CL’}2)+3,,
baga1270,twentyfour,ocoo kəmarəm maaŋkəlɛɛŋaŋ,ocookamarammaangkaleengang,,FALSE,(10·{CL’}2)+4,,
baga1270,twentyfive,ocoo kəmarəm dikəcaamətaŋ,ocookamaramdikacaamatang,,FALSE,(10·{CL’}2)+5,,
baga1270,twentysix,ocoo kəmarəm dikəcaamtr tiinaŋ,ocookamaramdikacaamtrtiinang,,FALSE,(10·{CL’}2)+5+1,,
baga1270,twentyseven,ocoo kəmarəm dikəcaamtr marəmaŋ,ocookamaramdikacaamtrmaramang,,FALSE,(10·{CL’}2)+5+2,,
baga1270,twentyeight,ocoo kəmarəm dikəcaamtr masaasaŋ,ocookamaramdikacaamtrmasaasang,,FALSE,(10·{CL’}2)+5+3,,
baga1270,twentynine,ocoo kəmarəm dikəcaamtr maaŋkəlɛɛŋaŋ,ocookamaramdikacaamtrmaangkaleengang,,FALSE,(10·{CL’}2)+5+4,,
baga1270,thirty,ocoo kəmasaas,ocookamasaas,,FALSE,10·{CL’}3,,
baga1270,forty,ocoo kəmaaŋkəlɛɛŋ,ocookamaangkaleeng,,FALSE,10·{CL’}4,,
baga1270,fifty,ocoo kəcaamət,ocookacaamat,,FALSE,10·{CL’}5,,
baga1270,sixty,ocoo kəcaamtr tiin,ocookacaamtrtiin,(aŋ),FALSE,10·({CL’}5+1),,
baga1270,seventy,ocoo kəcaamtr marəm,ocookacaamtrmaram,(aŋ),FALSE,10·({CL’}5+2),,
baga1270,eighty,ocoo kəcaamtr masas,ocookacaamtrmasas,(aŋ),FALSE,10·({CL’}5+3),,
baga1270,ninety,ocoo kəcaamtr maaŋkəlɛɛŋ,ocookacaamtrmaangkaleeng,(aŋ),FALSE,10·({CL’}5+4),,
baga1270,hundred,asaar ŋiiŋ,asaarngiing,,FALSE,100·1,,
baga1270,twohundred,isaar marəm,isaarmaram,,FALSE,100·2,,
baga1270,thousand,awul ŋiiŋ,awulngiing,( from Susu ),FALSE,1000·1,,
baga1270,twothousand,iwul marəm,iwulmaram,,FALSE,1000·2,,
baga1272,one,pin,pin,,FALSE,1,,
baga1272,two,mɛrɨŋ,mering,,FALSE,2,,
baga1272,three,maːs,mas,,FALSE,3,,
baga1272,three,mãs,mas,,FALSE,4,,
baga1272,four,maŋkɨlɛ,mangkile,,FALSE,5,,
baga1272,five,kɨt͡ʃamɨt,kitsamit,,FALSE,{CL}5,,
baga1272,six,t͡ʃamɨtin,tsamitin,( 5 + 1 ),FALSE,5+{and}1’,,
baga1272,seven,t͡ʃamɨmɛrɨŋ,tsamimering,( 5 + 2 ),FALSE,5+{and}2,,
baga1272,eight,t͡ʃamɨmaːs,tsamimas,( 5 + 3 ),FALSE,5+{and}3,,
baga1272,nine,t͡ʃamɨmaŋkɨlɛ,tsamimangkile,( 5 + 4 ),FALSE,5+{and}4,,
baga1272,ten,wɨt͡ʃɔ,witso,,FALSE,10,,
baga1272,eleven,wɨt͡ʃɔ kɔ pin,witsokopin,,FALSE,10+{and}1’,,
baga1272,twelve,wɨt͡ʃɔ kɔ mɛrɨŋ,witsokomering,,FALSE,10+{and}2,,
baga1272,thirteen,wɨt͡ʃɔ kɔ maːs,witsokomas,,FALSE,10+{and}3,,
baga1272,fourteen,wɨt͡ʃɔ kɔ maŋkɨlɛ,witsokomangkile,,FALSE,10+{and}4,,
baga1272,fifteen,wɨt͡ʃɔ kɔ kɨt͡ʃamɨt,witsokokitsamit,,FALSE,10+{and}{CL}5,,
baga1272,sixteen,wɨt͡ʃɔ kɔ t͡ʃamɨtin,witsokotsamitin,,FALSE,10+{and}5+1’,,
baga1272,seventeen,wɨt͡ʃɔ kɔ t͡ʃamɨmɛrɨŋ,witsokotsamimering,,FALSE,10+{and}5+{+}2,,
baga1272,eighteen,wɨt͡ʃɔ kɔ t͡ʃamɨmaːs,witsokotsamimas,,FALSE,10+{and}5+{+}3,,
baga1272,nineteen,wɨt͡ʃɔ kɔ t͡ʃamɨmaŋkɨlɛ,witsokotsamimangkile,,FALSE,10+{and}5+{+}4,,
baga1272,twenty,wɨt͡ʃɔ mɛrɨŋ,witsomering,,FALSE,10·2,,
baga1272,twentyone,wɨt͡ʃɔ mɛrɨŋ kɔ pin,witsomeringkopin,,FALSE,(10·2)+1,,
baga1272,twentytwo,wɨt͡ʃɔ mɛrɨŋ kɔ mɛrɨŋ,witsomeringkomering,,FALSE,(10·2)+2,,
baga1272,twentythree,wɨt͡ʃɔ mɛrɨŋ kɔ maːs,witsomeringkomas,,FALSE,(10·2)+3,,
baga1272,twentyfour,wɨt͡ʃɔ mɛrɨŋ kɔ maŋkɨlɛ,witsomeringkomangkile,,FALSE,(10·2)+4,,
baga1272,twentyfive,wɨt͡ʃɔ mɛrɨŋ kɔ kɨt͡ʃamɨt,witsomeringkokitsamit,,FALSE,(10·2)+5,,
baga1272,twentysix,wɨt͡ʃɔ mɛrɨŋ kɔ t͡ʃamɨtin,witsomeringkotsamitin,,FALSE,(10·2)+5+1,,
baga1272,twentyseven,wɨt͡ʃɔ mɛrɨŋ kɔ t͡ʃamɨmɛrɨŋ,witsomeringkotsamimering,,FALSE,(10·2)+5+2,,
baga1272,twentyeight,wɨt͡ʃɔ mɛrɨŋ kɔ t͡ʃamɨmaːs,witsomeringkotsamimas,,FALSE,(10·2)+5+3,,
baga1272,twentynine,wɨt͡ʃɔ mɛrɨŋ kɔ t͡ʃamɨmaŋkɨlɛ,witsomeringkotsamimangkile,,FALSE,(10·2)+5+4,,
baga1272,thirty,wɨt͡ʃɔ maːs,witsomas,,FALSE,10·3,,
baga1272,forty,wɨt͡ʃɔ maŋkɨlɛ,witsomangkile,,FALSE,10·4,,
baga1272,fifty,wɨt͡ʃɔ kɨt͡ʃamɨt,witsokitsamit,,FALSE,10·5,,
baga1272,sixty,wɨt͡ʃɔ t͡ʃamɨtin,witsotsamitin,,FALSE,10·(5+1’),,
baga1272,seventy,wɨt͡ʃɔ t͡ʃamɨmɛrɨŋ,witsotsamimering,,FALSE,10·(5+2),,
baga1272,eighty,wɨt͡ʃɔ t͡ʃamɨmaːs,witsotsamimas,,FALSE,10·(5+3),,
baga1272,ninety,wɨt͡ʃɔ t͡ʃamɨmaŋkɨlɛ,witsotsamimangkile,,FALSE,10·(5+4),,
baga1272,hundred,kɛmɛ,keme,,FALSE,100,,
baga1272,hundred,tasar tin,tasartin,,FALSE,100’·1,,
baga1272,twohundred,kɛmɛ mɛrɨŋ,kememering,,FALSE,100·2,,
baga1272,twohundred,tasar mɛrɨŋ,tasarmering,,FALSE,100’·2,,
baga1272,thousand,wul,wul,( from Susu ),FALSE,1000,,
baga1272,thousand,mɛt͡ʃɛpsɛ,metsepse,,FALSE,1000’,,
baga1272,twothousand,wul mɛrɨŋ,wulmering,,FALSE,1000·2,,
baga1272,twothousand,mɛt͡ʃɛpsɛ mɛrɨŋ,metsepsemering,,FALSE,1000’·3,,
bull1247,one,nìmbúl,nimbul,,FALSE,{CL}1,,
bull1247,two,nìncə́ŋ,nincang,,FALSE,{CL}2,,
bull1247,three,nìnrá,ninra,,FALSE,{CL}3,,
bull1247,four,nìŋnyɔ́l,ningnyol,,FALSE,{CL}4,,
bull1247,four,-nyɔ́l,nyol,,FALSE,4,,
bull1247,five,nìmán,niman,,FALSE,{CL}5,,
bull1247,six,mɛ̀m-búl,membul,( 5 + 1 ),FALSE,5’+1,,
bull1247,seven,mɛ̀ncə́ŋ,mencang,( 5 + 2 ),FALSE,5’+2,,
bull1247,eight,mɛ̀nrá,menra,( 5 + 3 ),FALSE,5’+3,,
bull1247,nine,mɛ̀nnyɔ́l,mennyol,( 5 + 4 ),FALSE,5’+4,,
bull1247,ten,wàm,wam,,FALSE,10,,
bull1247,eleven,wàm-nù-bùl,wamnubul,,FALSE,10+{+}1,,
bull1247,twelve,wànùcə́ŋ,wanucang,,FALSE,10+{+}2,,
bull1247,thirteen,wànùrá,wanura,,FALSE,10+{+}3,,
bull1247,fourteen,wànùnyɔ́l,wanunyol,,FALSE,10+{+}4,,
bull1247,fifteen,wànùmán,wanuman,,FALSE,10+{+}5,,
bull1247,sixteen,wàm-nù-mɛ̀m-búl,wamnumembul,,FALSE,10+{+}5+1,,
bull1247,seventeen,wànùmɛ̀ncə́ŋ,wanumencang,,FALSE,10+{+}5+2,,
bull1247,eighteen,wànùmɛ̀nrá,wanumenra,,FALSE,10+{+}5+3,,
bull1247,nineteen,wànùmɛ̀nnyɔ́l,wanumennyol,,FALSE,10+{+}5+4,,
bull1247,twenty,ùtɔ̀ŋ,utong,,FALSE,20,,
bull1247,twentyone,ùtɔ̀ŋ-nù-bùl,utongnubul,,FALSE,20+{+}1,,
bull1247,twentytwo,ùtɔ̀ŋ-nù-cə́ŋ,utongnucang,,FALSE,20+{+}2,,
bull1247,twentythree,ùtɔ̀ŋ-nù-rá,utongnura,,FALSE,20+{+}3,,
bull1247,twentyfour,ùtɔ̀ŋ-nù-nyɔ́l,utongnunyol,,FALSE,20+{+}4,,
bull1247,twentyfive,ùtɔ̀ŋ-nù-mán,utongnuman,,FALSE,20+{+}5,,
bull1247,twentysix,ùtɔ̀ŋ-nù-mɛ̀m-búl,utongnumembul,,FALSE,20+{+}5+{+}1,,
bull1247,twentyseven,ùtɔ̀ŋ-nù-mɛ̀ncə́ŋ,utongnumencang,,FALSE,20+{+}5+{+}2,,
bull1247,twentyeight,ùtɔ̀ŋ-nù-mɛ̀nrá,utongnumenra,,FALSE,20+{+}5+{+}3,,
bull1247,twentynine,ùtɔ̀ŋ-nù-mɛ̀nnyɔ́l,utongnumennyol,,FALSE,20+{+}5+{+}4,,
bull1247,thirty,òtɔ̀n-núwàŋ,otonnuwang,( 20 + 10 ),FALSE,20+{+}10,,
bull1247,forty,òtɔ̀n-cə̀ŋ,otoncang,( 20 x  2 ),FALSE,20·2,,
bull1247,fifty,ìtɔ̀n-cə̀ŋ-núwàŋ,itoncangnuwang,,FALSE,(20’·2)+{+}10,,
bull1247,sixty,ìtɔ́n-rà,itonra,( 20 x  3 ),FALSE,20’·3,,
bull1247,seventy,ìtɔ́n-rà-nú-wàŋ,itonranuwang,,FALSE,(20’·2)+{+}10,,
bull1247,eighty,ìtɔ́n-nyɔ̀l,itonnyol,( 20 x  4 ),FALSE,20·4,,
bull1247,ninety,ìtɔ́n-nyɔ̀l-nú-wàŋ,itonnyolnuwang,,FALSE,(20’·4)+{+}10,,
bull1247,hundred,kɛ̀mɛ̀,keme,,FALSE,100,,
bull1247,hundred,pé,pe,( 'kɛ̀mɛ ' from Soso ),FALSE,100’,,
bull1247,twohundred,kɛ̀mɛ̀,keme,,FALSE,?,,same form as 100?
bull1247,thousand,wúlú,wulu,( from Soso ),FALSE,1000,,
bull1247,twothousand,wúlu,wulu,,FALSE,?,same form as 1000,
east2387,one,hantʰe,hanthe,,FALSE,1,,
east2387,two,kale,kale,,FALSE,{CL}2,,
east2387,three,katati,katati,,FALSE,{CL}3,,
east2387,four,kanaŋ,kanang,,FALSE,{CL}4,,
east2387,five,kasɔhi,kasohi,,FALSE,{CL}5,,
east2387,six,kasɔŋ hantʰe,kasonghanthe,( 5 + 1 ),FALSE,{CL}5+1,,
east2387,seven,kasɔŋ kale,kasongkale,( 5 + 2 ),FALSE,{CL}5+{CL}2,,
east2387,eight,kasɔŋ katati,kasongkatati,( 5 + 3 ),FALSE,{CL}5+{CL}3,,
east2387,nine,kasɔŋ kanaŋ,kasongkanang,( 5 + 4 ),FALSE,{CL}5+{CL}4,,
east2387,ten,kɔhi,kohi,,FALSE,10,,
east2387,eleven,kɔhi iŋ hantʰe,kohiinghanthe,,FALSE,10+{and}1,,
east2387,twelve,kɔhi iŋ kale,kohiingkale,,FALSE,10+{and}{CL}2,,
east2387,thirteen,kɔhi iŋ katati,kohiingkatati,,FALSE,10+{and}{CL}3,,
east2387,fourteen,kɔhi iŋ kanaŋ,kohiingkanang,,FALSE,10+{and}{CL}4,,
east2387,fifteen,kɔhi iŋ kasɔhi,kohiingkasohi,,FALSE,10+{and}{CL}5,,
east2387,sixteen,kɔhi iŋ kasɔŋ hante,kohiingkasonghante,,FALSE,10+{and}{CL}5+1,,
east2387,seventeen,kɔhi iŋ kasɔŋ kale,kohiingkasongkale,,FALSE,10+{and}{CL}5+{CL}2,,
east2387,eighteen,kɔhi iŋ kasɔŋ katati,kohiingkasongkatati,,FALSE,10+{and}{CL}5+{CL}3,,
east2387,nineteen,kɔhi iŋ kasɔŋ kanaŋ,kohiingkasongkanang,,FALSE,10+{and}{CL}5+{CL}4,,
east2387,twenty,kɔhi kale,kohikale,,FALSE,10·{CL}2,,
east2387,twentyone,kɔhi kale iŋ hantʰe,kohikaleinghanthe,,FALSE,(10·{CL}2)+{+}1,,
east2387,twentytwo,kɔhi kale iŋ kale,kohikaleingkale,,FALSE,(10·{CL}2)+{+}2,,
east2387,twentythree,kɔhi kale iŋ katati,kohikaleingkatati,,FALSE,(10·{CL}2)+{+}3,,
east2387,twentyfour,kɔhi kale iŋ kanaŋ,kohikaleingkanang,,FALSE,(10·{CL}2)+{+}4,,
east2387,twentyfive,kɔhi kale iŋ kasɔhi,kohikaleingkasohi,,FALSE,(10·{CL}2)+{+}5,,
east2387,twentysix,kɔhi kale iŋ kasɔŋ hante,kohikaleingkasonghante,,FALSE,(10·{CL}2)+{+}5+1,,
east2387,twentyseven,kɔhi kale iŋ kasɔŋ kale,kohikaleingkasongkale,,FALSE,(10·{CL}2)+{+}5+2,,
east2387,twentyeight,kɔhi kale iŋ kasɔŋ katati,kohikaleingkasongkatati,,FALSE,(10·{CL}2)+{+}5+3,,
east2387,twentynine,kɔhi kale iŋ kasɔŋ kanaŋ,kohikaleingkasongkanang,,FALSE,(10·{CL}2)+{+}5+4,,
east2387,thirty,kɔhi katati,kohikatati,,FALSE,10·{CL}3,,
east2387,forty,kɔhi kanaŋ,kohikanang,,FALSE,10·{CL}4,,
east2387,fifty,kɔhi kasɔhi,kohikasohi,,FALSE,10·{CL}5,,
east2387,sixty,kɔhi kasɔŋ hante,kohikasonghante,,FALSE,10·({CL}5+1),,
east2387,seventy,kɔhi kasɔŋ kale,kohikasongkale,,FALSE,10·({CL}5+2),,
east2387,eighty,kɔhi kasɔŋ katati,kohikasongkatati,,FALSE,10·({CL}5+3),,
east2387,ninety,kɔhi kasɔŋ kanaŋ,kohikasongkanang,,FALSE,10·({CL}5+4),,
east2387,hundred,wuli wuntʰe,wuliwunthe,,FALSE,100·1’,,
east2387,twohundred,wuliŋ bilaŋ,wulingbilang,,FALSE,100·2’,,
east2387,thousand,wuliŋ kɔhi,wulingkohi,( 100 x 10 ),FALSE,100·10,,
east2387,twothousand,wuliŋ kɔhi kale,wulingkohikale,,FALSE,100·10·2,,
krim1238,one,yìmo̠,yimo,( o̠ = French ''au'' in ''aube''),FALSE,{CL}1,,
krim1238,two,yìɣɪn,yigin,,FALSE,{CL}2,,
krim1238,three,yìɣa,yiga,,FALSE,{CL}3,,
krim1238,four,yìhǐo̠n,yihion,,FALSE,{CL}4,,
krim1238,five,yìwɛn,yiwen,,FALSE,{CL}5,,
krim1238,six,nwɛn-mo̠,nwenmo,( 5 + 1 ),FALSE,5+1,,
krim1238,seven,nwɛn-ɣɪn,nwengin,( 5 + 2 ),FALSE,5+2,,
krim1238,eight,nwɛn-ɣa,nwenga,( 5 + 3 ),FALSE,5+3,,
krim1238,nine,nwɛn-hǐo̠n,nwenhion,( 5 + 4 ),FALSE,5+4,,
krim1238,ten,wāŋ,wang,,FALSE,10,,
krim1238,eleven,wāŋ nɛ̀ mo̠,wangnemo,,FALSE,10+{and}1,,
krim1238,twelve,wāŋ nɛ̀ ɣɪn,wangnegin,?,FALSE,10+{and}2,,
krim1238,thirteen,wāŋ nɛ̀ ɣa,wangnega,?,FALSE,10+{and}3,,
krim1238,fourteen,wāŋ nɛ̀ hǐo̠n,wangnehion,?,FALSE,10+{and}4,,
krim1238,fifteen,wāŋ nɛ̀ nwɛn,wangnenwen,,FALSE,10+{and}5,,
krim1238,sixteen,wāŋ nɛ̀ nwɛn-mo̠,wangnenwenmo,?,FALSE,10+{and}5+1,,
krim1238,seventeen,wāŋ nɛ̀ nwɛn-ɣɪn,wangnenwengin,?,FALSE,10+{and}5+2,,
krim1238,eighteen,wāŋ nɛ̀ nwɛn-ɣa,wangnenwenga,?,FALSE,10+{and}5+3,,
krim1238,nineteen,wāŋ nɛ̀ nwɛn-hǐo̠n,wangnenwenhion,?,FALSE,10+{and}5+4,,
krim1238,twenty,yìpia no̠,yipiano,,FALSE,20,,
krim1238,twentyone,yìpia no̠ nɛ̀ mo̠,yipianonemo,,FALSE,20+{and}1,,
krim1238,thirty,yìpia no̠ nɛ̀ wāŋ,yipianonewang,( 20 + 10 ),FALSE,20+{and}10,,
krim1238,forty,yìpia 'nin àɣɪn,yipianinagin,( 20 x  2 ),FALSE,20·{LIG}2,,
krim1238,fifty,yìpia 'nin àɣɪn nɛ̀ nɛ̀ wāŋ,yipianinaginnenewang,,FALSE,(20·{LIG}2)+{and}10,,
land1256,one,tɛ̀n,ten,,FALSE,1,,
land1256,two,mʌ̀rəŋ,mrang,,FALSE,{CL}2,,
land1256,three,mʌ̀sas,msas,,FALSE,{CL}3,,
land1256,four,mànkᵊlɛ,mankle,,FALSE,{CL}4,,
land1256,five,kəcàmət,kacamat,,FALSE,{CL’}5,,
land1256,six,kəcʌ̀ntin,kacntin,( 5 + 1 ),FALSE,5+1,,
land1256,seven,kəcʌ̀ntᵊ mʌ̀rəŋ,kacntmrang,( 5 + 2 ),FALSE,5+2,,
land1256,eight,kəcʌ̀ntᵊ̀ mʌ̀sas,kacntmsas,( 5 + 3 ),FALSE,5+3,,
land1256,nine,kəcʌ̀ntᵊ mànkᵊlɛ,kacntmankle,( 5 + 4 ),FALSE,5+4,,
land1256,ten,pù,pu,,FALSE,10,,
land1256,eleven,pù də tìn ʌ,pudatin,,FALSE,10+{and}1,,
land1256,twelve,pù də mʌ̀rəŋ ʌ,pudamrang,,FALSE,10+{and}2,,
land1256,thirteen,pù də mʌ̀sas ʌ,pudamsas,,FALSE,10+{and}3,,
land1256,fourteen,pù də mànkᵊlɛ ʌ,pudamankle,,FALSE,10+{and}4,,
land1256,fifteen,pù də kəcàmət ʌ,pudakacamat,,FALSE,10+{and}5,,
land1256,sixteen,pù də kəcʌ̀ntin ʌ,pudakacntin,,FALSE,10+{and}5+{and}1,,
land1256,seventeen,pù də kəcʌ̀ntᵊ mʌ̀rəŋ ʌ,pudakacntmrang,,FALSE,10+{and}5+{and}2,,
land1256,eighteen,pù də kəcʌ̀ntᵊ̀ mʌ̀sas ʌ,pudakacntmsas,,FALSE,10+{and}5+{and}3,,
land1256,nineteen,pù də kəcʌ̀ntᵊ mànkᵊlɛ yʌ,pudakacntmankley,,FALSE,10+{and}5+{and}4,,
land1256,twenty,pu mʌ̀rəŋ,pumrang,,FALSE,10·{CL}2,,
land1256,twentyone,pu mʌ̀rəŋ də tìn ʌ,pumrangdatin,,FALSE,(10·{CL}2)+{and}1,,
land1256,twentytwo,pu mʌ̀rəŋ də mʌ̀rəŋ ʌ,pumrangdamrang,,FALSE,(10·{CL}2)+{and}2,,
land1256,twentythree,pu mʌ̀rəŋ də mʌ̀sas ʌ,pumrangdamsas,,FALSE,(10·{CL}2)+{and}3,,
land1256,twentyfour,pu mʌ̀rəŋ də mànkᵊlɛ ʌ,pumrangdamankle,,FALSE,(10·{CL}2)+{and}4,,
land1256,twentyfive,pu mʌ̀rəŋ də kəcàmət ʌ,pumrangdakacamat,,FALSE,(10·{CL}2)+{and}5,,
land1256,twentysix,pu mʌ̀rəŋ də kəcʌ̀ntin ʌ,pumrangdakacntin,,FALSE,(10·{CL}2)+{and}5+1,,
land1256,twentyseven,pu mʌ̀rəŋ də kəcʌ̀ntᵊ mʌ̀rəŋ ʌ,pumrangdakacntmrang,,FALSE,(10·{CL}2)+{and}5+2,,
land1256,twentyeight,pu mʌ̀rəŋ də kəcʌ̀ntᵊ̀ mʌ̀sas ʌ,pumrangdakacntmsas,,FALSE,(10·{CL}2)+{and}5+3,,
land1256,twentynine,pu mʌ̀rəŋ də kəcʌ̀ntᵊ mànkᵊlɛ yʌ,pumrangdakacntmankley,,FALSE,(10·{CL}2)+{and}5+4,,
land1256,thirty,pu mʌ̀sas,pumsas,,FALSE,10·{CL}3,,
land1256,forty,pu mànkᵊlɛ,pumankle,,FALSE,10·{CL}4,,
land1256,fifty,pu kəcàmət,pukacamat,,FALSE,10·{CL}5,,
land1256,sixty,pu kəcʌ̀ntin,pukacntin,,FALSE,10·{CL}5+1,,
land1256,seventy,pu kəcʌ̀ntᵊ mʌ̀rəŋ,pukacntmrang,,FALSE,10·{CL}5+2,,
land1256,eighty,pu kəcʌ̀ntᵊ mʌ̀sas̀,pukacntmsas,,FALSE,10·{CL}5+3,,
land1256,ninety,pu kəcʌ̀ntᵊ mànkᵊlɛ,pukacntmankle,,FALSE,10·{CL}5+4,,
land1256,hundred,kɛmɛ,keme,,FALSE,100,,
land1256,twohundred,kɛmɛ mʌ̀rəŋ,kememrang,,FALSE,100·2,,
land1256,thousand,wulᵊ win,wulwin,,FALSE,100·1,,
land1256,twothousand,wulᵊ mʌ̀rəŋ,wulmrang,,FALSE,100·{CL}2,,
sher1258,one,bul,bul,,FALSE,1,,
sher1258,two,tɪŋ,ting,,FALSE,2,,
sher1258,three,ræ,rae,,FALSE,3,,
sher1258,four,hyo̠l,hyol,(  o̠ = French ''au'' in ''aube'),FALSE,4,,
sher1258,five,mɛn,men,,FALSE,5,,
sher1258,six,mɛn-buk,menbuk,( 5 + 1 ),FALSE,5+1,,
sher1258,seven,mɛn-tɪŋ,menting,( 5 + 2 ),FALSE,5+2,,
sher1258,eight,mɛn-ra,menra,( 5 + 3 ),FALSE,5+3,,
sher1258,nine,mɛn-hyo̠l,menhyol,( 5 + 4 ),FALSE,5+4,,
sher1258,ten,wāŋ,wang,,FALSE,10,,
sher1258,eleven,wāŋ ni bul,wangnibul,,FALSE,10+{and}1,,
sher1258,twelve,wāŋ ni tɪŋ,wangniting,?,FALSE,10+{and}2,,
sher1258,thirteen,wāŋ ni ræ,wangnirae,?,FALSE,10+{and}3,,
sher1258,fourteen,wāŋ ni hyo̠l,wangnihyol,?,FALSE,10+{and}4,,
sher1258,fifteen,wāŋ ni mɛn,wangnimen,,FALSE,10+{and}5,,
sher1258,sixteen,wāŋ ni mɛn-buk,wangnimenbuk,?,FALSE,10+{and}5+1,,
sher1258,seventeen,wāŋ ni mɛn-tɪŋ,wangnimenting,?,FALSE,10+{and}5+2,,
sher1258,eighteen,wāŋ ni mɛn-ra,wangnimenra,?,FALSE,10+{and}5+3,,
sher1258,nineteen,wāŋ ni mɛn-hyo̠l,wangnimenhyol,?,FALSE,10+{and}5+4,,
sher1258,twenty,kwono̠,kwono,( < koŋ õ no̠ ),FALSE,20,,
sher1258,twentyone,kwono ni bul,kwononibul,?,FALSE,20+{and}1,,
sher1258,thirty,kwono̠ ni wāŋ,kwononiwang,( 20 + 10 ),FALSE,,,
sher1258,forty,kwono̠ aña tɪŋ,kwonoanating,( 20 x  2 ),FALSE,20·2,,
sher1258,fifty,kwono̠ aña tɪŋ ni wāŋ,kwonoanatingniwang,,FALSE,,,
sher1258,sixty,kwono̠ ræ,kwonorae,,FALSE,20·3,,
sher1258,seventy,kwono̠ ræ ni bul,kwonoraenibul,,FALSE,,,
sher1258,eighty,kwono̠ hyo̠l,kwonohyol,,FALSE,20·4,,
sher1258,ninety,kwono̠ hyo̠l ni bul,kwonohyolnibul,,FALSE,,,
sher1258,hundred,ho̠ndrɛ̠d,hondred,( < English ''hundred'' ),TRUE,100,,English loan
sher1258,twohundred,ho̠ndrɛ̠d tɪŋ,hondredting,,FALSE,100·2,,
sher1258,thousand,tawsin,tawsin,( < English ''thousand'' ),TRUE,1000,,English loan
sher1258,twothousand,tawsin tɪŋ,tawsinting,,FALSE,1000·2,,
sout2778,one,pìlɛ̀ɛ́,pilee,,FALSE,1,,
sout2778,two,mùúŋ,muung,,FALSE,2,,
sout2778,three,ŋɡàá,nggaa,,FALSE,3,,
sout2778,four,hìɔ́ɔ́lú,hioolu,,FALSE,4,4,
sout2778,five,ŋùɛ̀ɛ́nú,ngueenu,,FALSE,5,,
sout2778,six,ŋǒmpûm,ngompum,( 5 + 1 ),FALSE,5+1’,,
sout2778,seven,ŋǒmɛ́ú,ngomeu,( 5 + 2 ),FALSE,5+2’,,
sout2778,eight,ŋǒmáá,ngomaa,( 5 + 3 ),FALSE,5+3’,,
sout2778,nine,ŋǒmàhìɔ́ɔ́lú,ngomahioolu,( 5 + 4 ),FALSE,5+4’,,
sout2778,ten,tɔ́,to,,FALSE,10,,
sout2778,eleven,tɔ́-á-pìlɛ̀ɛ́,toapilee,,FALSE,10+{and}1,,
sout2778,twelve,tɔ́-á-mùúŋ,toamuung,,FALSE,10+{and}2,,
sout2778,thirteen,tɔ́-á-yàá,toayaa,,FALSE,10+{and}3,,
sout2778,fourteen,tɔ́-á-hìɔ́ɔ́lu,toahioolu,,FALSE,10+{and}4,,
sout2778,fifteen,tɔ́-á-ŋùɛ̀ɛ́nú,toangueenu,,FALSE,10+{and}5,,
sout2778,sixteen,tɔ́-á-ŋǒmpûm,toangompum,,FALSE,10+{and}5+1’,,
sout2778,seventeen,tɔ́-á-ŋǒmɛ́ú,toangomeu,,FALSE,10+{and}5+2,,
sout2778,eighteen,tɔ́-á-ŋǒmáá,toangomaa,,FALSE,10+{and}5+3,,
sout2778,nineteen,tɔ́-á-ŋǒmàhìɔ́ɔ́lú,toangomahioolu,,FALSE,10+{and}5+4,,
sout2778,twenty,bídìíŋ,bidiing,,FALSE,10’·2,,
sout2778,twentyone,bídìíŋ-á-pìlɛ́,bidiingapile,,FALSE,(10’·2)+1,,
sout2778,twentytwo,bídìíŋ-á-mùúŋ,bidiingamuung,,FALSE,(10’·2)+2,,
sout2778,twentythree,bídìíŋ-á-yàá,bidiingayaa,,FALSE,(10’·2)+3,,
sout2778,twentyfour,bídìíŋ-á-hìɔ́ɔ́lú,bidiingahioolu,,FALSE,(10’·2)+4,,
sout2778,twentyfive,bídìíŋ-á-ŋùɛ̀ɛ́nú,bidiingangueenu,,FALSE,(10’·2)+5,,
sout2778,twentysix,bídìíŋ-á-ŋǒmpûm,bidiingangompum,,FALSE,(10’·2)+5+1,,
sout2778,twentyseven,bídìíŋ-á-ŋǒmɛ́ú,bidiingangomeu,,FALSE,(10’·2)+5+2,,
sout2778,twentyeight,bídìíŋ-á-ŋǒmáá,bidiingangomaa,,FALSE,(10’·2)+5+3,,
sout2778,twentynine,bídìíŋ-á-ŋǒmàhìɔ́ɔ́lú,bidiingangomahioolu,,FALSE,(10’·2)+5+4,,
sout2778,thirty,bélé-yáá,beleyaa,,FALSE,10’·3,,
sout2778,forty,bélé-hìɔ́ɔ́lú,belehioolu,,FALSE,10’·4,,
sout2778,fifty,bélé-ŋùɛ̀ɛ́nú,belengueenu,,FALSE,10’·5,,
sout2778,sixty,bélé-ŋǒmpûm,belengompum,,FALSE,10’·(5+1’),,
sout2778,seventy,bélé-ŋǒmɛ́ú,belengomeu,,FALSE,10’·(5+2),,
sout2778,eighty,bélé-ŋǒmáá,belengomaa,,FALSE,10’·(5+3),,
sout2778,ninety,bélé-ŋǒmàhìɔ́ɔ́lú,belengomahioolu,,FALSE,10’·(5+4),,
sout2778,hundred,kɛ̀mɛ̀,keme,( 'kɛ̀mɛ 'from Soso ),FALSE,100,,
sout2778,twohundred,kɛ̀mɔ̀ɔ̀ lèdìíŋ,kemoolediing,,FALSE,100+{and}1,,
sout2778,thousand,wàá,waa,,FALSE,1000,,
sout2778,thousand,wúli,wuli,( from Soso ),FALSE,1000',,
sout2778,twothousand,wàáláŋ lèdìíŋ,waalanglediing,,FALSE,1000·2,,
timn1235,one,pín,pin,,FALSE,1,,
timn1235,two,pɨrʌ́ŋ,pirng,,FALSE,2,,
timn1235,three,pɨsas,pisas,,FALSE,3,,
timn1235,four,panlɛ,panle,,FALSE,4,,
timn1235,five,tamát̪,tamat,,FALSE,5,,
timn1235,six,dukín,dukin,( 5 + 1 ),FALSE,5’+1’,,
timn1235,seven,dɛrɨ́ŋ,dering,( 5 + 2 ),FALSE,5’+2,,
timn1235,eight,dɛsas,desas,( 5 + 3 ),FALSE,5’+3,,
timn1235,nine,dɛŋanlɛ,denganle,( 5 + 4 ),FALSE,5’+4,,
timn1235,ten,tɔfɔ́t,tofot,,FALSE,10,,
timn1235,eleven,tɔfɔ́t 'pín,tofotpin,,FALSE,10+1,,
timn1235,twelve,tɔfɔ́t pɨrʌ́ŋ,tofotpirng,,FALSE,10+2,,
timn1235,thirteen,tɔfɔ́t pɨsas,tofotpisas,,FALSE,10+3,,
timn1235,fourteen,tɔfɔ́t panlɛ,tofotpanle,,FALSE,10+4,,
timn1235,fifteen,tɔfɔ́t tamát̪,tofottamat,,FALSE,10+5,,
timn1235,sixteen,tɔfɔ́t tamt̪úru'́kín,tofottamturukin,,FALSE,10+5+1,,
timn1235,seventeen,tɔfɔ́t tamt̪ɨ́dɛ́'rɨ́ŋ,tofottamtidering,,FALSE,10+5+2,,
timn1235,eighteen,tɔfɔ́t tamt̪ɨrɛ́sas,tofottamtiresas,,FALSE,10+5+3,,
timn1235,nineteen,tɔfɔ́t tamt̪ɨrɛ́ŋanlɛ,tofottamtirenganle,,FALSE,10+5+4,,
timn1235,twenty,kɨɡbá,kigba,,FALSE,20,,
timn1235,twentyone,kɨɡbá 'wín,kigbawin,,FALSE,20+1,,
timn1235,twentytwo,kɨɡbá marʌ́ŋ,kigbamarng,,FALSE,20+2,,
timn1235,twentythree,kɨɡbá mɨsas,kigbamisas,,FALSE,20+3,,
timn1235,twentyfour,kɨɡbá manlɛ,kigbamanle,,FALSE,20+4,,
timn1235,twentyfive,kɨɡbá tamat̪,kigbatamat,,FALSE,20+5,,
timn1235,twentysix,kɨɡbá tamt̪úru'́kín,kigbatamturukin,,FALSE,20+5+1,,
timn1235,twentyseven,kɨɡbá tamt̪ɨ́dɛ́'rɨ́ŋ,kigbatamtidering,,FALSE,20+5+2,,
timn1235,twentyeight,kɨɡbá tamt̪ɨrɛ́sas,kigbatamtiresas,,FALSE,20+5+3,,
timn1235,twentynine,kɨɡbá tamt̪ɨrɛ́ŋanlɛ,kigbatamtirenganle,,FALSE,20+5+4,,
timn1235,thirty,kɨɡbá 'tɔ́fɔ́t,kigbatofot,,FALSE,20+10,,
timn1235,forty,tɨɡbá tɨ́ˈrɨ́ŋ,tigbatiring,( 20 x 2 ),FALSE,20·2,,
timn1235,fifty,tɨɡbá tɨ́ˈrɨ́ŋ 'tɔ́fɔ́t,tigbatiringtofot,,FALSE,(20·2)+10,,
timn1235,sixty,tɨɡbá tɨ́sas,tigbatisas,( 20 x 3 ),FALSE,20·3,,
timn1235,seventy,tɨɡbá tɨ́sas tɔ́fɔ́t,tigbatisastofot,,FALSE,(20·3)+10,,
timn1235,eighty,tɨɡbá tânlɛ,tigbatanle,( 20 x 4 ),FALSE,20·4,,
timn1235,ninety,tɨɡbá tânlɛ tɔ́fɔ́t,tigbatanletofot,,FALSE,(20·4)+10,,
timn1235,hundred,kɛmɛ́ kín,kemekin,,FALSE,100·1,,
timn1235,twohundred,tɛmɛ́ tɨ́'rɨ́ŋ,temetiring,,FALSE,100’·2,,
timn1235,thousand,ʌwúl 'ŋín,wulngin,,FALSE,1000·1,,
timn1235,twothousand,ɛwúl jɛrɨ́ŋ,ewuljering,,FALSE,1000·2,,
west2450,one,hantʰe,hanthe,,FALSE,1,,
west2450,two,kaaye,kaaye,,FALSE,2,,
west2450,three,kataati,kataati,,FALSE,3,,
west2450,four,kanaŋ,kanang,,FALSE,4,,
west2450,five,kasɔhi,kasohi,,FALSE,5,,
west2450,six,kasɔŋ hantʰe,kasonghanthe,( 5 + 1 ),FALSE,5+1,,
west2450,seven,kasɔŋ kaaye,kasongkaaye,( 5 + 2 ),FALSE,5+2,,
west2450,eight,kasɔŋ kataati,kasongkataati,( 5 + 3 ),FALSE,5+3,,
west2450,nine,kasɔŋ kanaŋ,kasongkanang,( 5 + 4 ),FALSE,5+4,,
west2450,ten,kɔɔhi,koohi,,FALSE,10,,
west2450,eleven,kɔɔhi e hantʰe,koohiehanthe,,FALSE,10+1,,
west2450,twelve,kɔɔhi e kaaye,koohiekaaye,,FALSE,10+2,,
west2450,thirteen,kɔɔhi e kataati,koohiekataati,,FALSE,10+3,,
west2450,fourteen,kɔɔhi e kanaŋ,koohiekanang,,FALSE,10+4,,
west2450,fifteen,kɔɔhi e kasɔhi,koohiekasohi,,FALSE,10+5,,
west2450,sixteen,kɔɔhi e kasɔŋ hantʰe,koohiekasonghanthe,,FALSE,10+5+1,,
west2450,seventeen,kɔɔhi e kasɔŋ kaaye,koohiekasongkaaye,,FALSE,10+5+2,,
west2450,eighteen,kɔɔhi e kasɔŋ kataati,koohiekasongkataati,,FALSE,10+5+3,,
west2450,nineteen,kɔɔhi e kasɔŋ kanaŋ,koohiekasongkanang,,FALSE,10+5+4,,
west2450,twenty,kɔntʰɔ kaaye,konthokaaye,,FALSE,10·2,,
west2450,twentyone,kɔntʰɔ kaye e hanʰte,konthokayeehanhte,,FALSE,(10·2)+1,,
west2450,twentytwo,kɔntʰɔ kaye e kale,konthokayeekale,,FALSE,(10·2)+2,,
west2450,twentythree,kɔntʰɔ kaye e katati,konthokayeekatati,,FALSE,(10·2)+3,,
west2450,twentyfour,kɔntʰɔ kaye e kanaŋ,konthokayeekanang,,FALSE,(10·2)+4,,
west2450,twentyfive,kɔntʰɔ kaye e kasɔhi,konthokayeekasohi,,FALSE,(10·2)+5,,
west2450,twentysix,kɔntʰɔ kaye e kasɔŋ hantʰe,konthokayeekasonghanthe,,FALSE,(10·2)+5+1,,
west2450,twentyseven,kɔntʰɔ kaye e kasɔŋ kaaye,konthokayeekasongkaaye,,FALSE,(10·2)+5+2,,
west2450,twentyeight,kɔntʰɔ kaye e kasɔŋ kataati,konthokayeekasongkataati,,FALSE,(10·2)+5+3,,
west2450,twentynine,kɔntʰɔ kaye e kasɔŋ kanaŋ,konthokayeekasongkanang,,FALSE,(10·2)+5+4,,
west2450,thirty,kɔntʰɔ kataati,konthokataati,,FALSE,10·3,,
west2450,forty,kɔntʰɔ kanaŋ,konthokanang,,FALSE,10·4,,
west2450,fifty,kɔntʰɔ kasɔhi,konthokasohi,,FALSE,10·5,,
west2450,sixty,kɔntʰɔ kasɔŋ hantʰe,konthokasonghanthe,,FALSE,10·(5+1),,
west2450,seventy,kɔntʰɔ kasɔŋ kaaye,konthokasongkaaye,,FALSE,10·(5+2),,
west2450,eighty,kɔntʰɔ kasɔŋ kataati,konthokasongkataati,,FALSE,10·(5+3),,
west2450,ninety,kɔntʰɔ kasɔŋ kanaŋ,konthokasongkanang,,FALSE,10·(5+4),,
west2450,hundred,kɛmɛ hantʰɛ,kemehanthe,,FALSE,100·1,,
west2450,twohundred,kɛmɛ kaye,kemekaye,,FALSE,100·2,,
west2450,thousand,wulu wuntʰe,wuluwunthe,,FALSE,1000·1,,
west2450,twothousand,wulu biyee,wulubiyee,,FALSE,1000·2,,